{"1": [-0.5444039830234161, -0.00033379751735522923], "2": [-1.107277418857796, -0.20455039594548394], "3": [-1.1061055505685158, 0.20722882593036485], "4": [0.2875035726223563, -0.0016681265662394167], "5": [0.8767291370390844, -0.2508675307979493], "6": [0.6876709778325469, 0.016865213948270334], "7": [0.9058832649557412, 0.2333258109483922]}