{
  "email-enron": {
    "num-swaps": [
      10.0,
      22.438619805172987,
      50.34916587611014,
      112.97657906016255,
      253.5038504420054,
      568.827651921559,
      1276.3707416137147,
      2863.9997801516843,
      6426.420218892264,
      14419.999999999998
    ],
    "sf": [
      0.3080568720379147,
      0.26224328593996843,
      0.25434439178515006,
      0.1769352290679305,
      0.09320695102685624,
      0.04107424960505529,
      0.004739336492890996,
      0.0,
      0.004739336492890996,
      0.00631911532385466
    ],
    "es": [
      0.051557081054024095,
      0.051730941704035874,
      0.05109670103823394,
      0.04986858486650989,
      0.045875353927401136,
      0.044064171122994655,
      0.03998225475517107,
      0.037670785548211815,
      0.03607254534083802,
      0.03591084547378907
    ],
    "fes": [
      0.4851215891758056,
      0.46689147938548703,
      0.44277764096430167,
      0.3917425529956911,
      0.3123363060430654,
      0.20903394138365478,
      0.1341171125341958,
      0.11041884581257011,
      0.1152984529534619,
      0.1185566772352526
    ]
  },
  "contact-high-school": {
    "num-swaps": [
      10.0,
      27.074857848548273,
      73.3047927519096,
      198.47168433752424,
      537.3592640400419,
      1454.8925687484636,
      3939.10094837739,
      10665.059822839952,
      28875.497864965546,
      78180.00000000004
    ],
    "sf": [
      0.7974137931034483,
      0.7737068965517241,
      0.75,
      0.65,
      0.4581896551724138,
      0.2189655172413793,
      0.04525862068965517,
      0.003879310344827586,
      0.0034482758620689655,
      0.0047413793103448275
    ],
    "es": [
      0.924988168480833,
      0.9194401975773256,
      0.9143859649122807,
      0.891549777625727,
      0.8344540505923791,
      0.735950296526405,
      0.6197384066587396,
      0.5443531541568026,
      0.5298901992679951,
      0.5293520211253301
    ],
    "fes": [
      0.9192099035135879,
      0.9079375453885361,
      0.8950836972343353,
      0.8473759627440602,
      0.7350815123135497,
      0.5441804608893159,
      0.27804826546002936,
      0.14156353670849464,
      0.1418226246945528,
      0.13763218390804483
    ]
  }
}