{
  "email-enron": {
    "num-swaps": [
      10,
      22,
      50,
      112,
      253,
      568,
      1276,
      2863,
      6426,
      14419
    ],
    "sf": [
      0.29067930489731436,
      0.27488151658767773,
      0.23380726698262244,
      0.17535545023696683,
      0.07898894154818326,
      0.017377567140600316,
      0.00631911532385466,
      0.001579778830963665,
      0.007898894154818325,
      0.004739336492890996
    ],
    "es": [
      0.052140584321666184,
      0.051939631884162375,
      0.050509650075309116,
      0.049706997587038955,
      0.0480955239810553,
      0.04421142997301938,
      0.03957732949087416,
      0.03684775387131395,
      0.03600319584540098,
      0.03591710670519079
    ],
    "fes": [
      0.48357244807781674,
      0.47520984548942924,
      0.44710490288664656,
      0.3705538909539753,
      0.2994093494482693,
      0.19976483250021454,
      0.12913811932709507,
      0.11633814622536806,
      0.1166150247910307,
      0.10912757547417791
    ]
  },
  "contact-high-school": {
    "num-swaps": [
      10,
      27,
      73,
      198,
      537,
      1454,
      3939,
      10665,
      28875,
      78180
    ],
    "sf": [
      0.8012931034482759,
      0.7857758620689655,
      0.7357758620689655,
      0.6663793103448276,
      0.4706896551724138,
      0.1879310344827586,
      0.03146551724137931,
      0.0034482758620689655,
      0.0021551724137931034,
      0.00603448275862069
    ],
    "es": [
      0.9243319933790494,
      0.9219339622641509,
      0.9144929231489063,
      0.8889141557703241,
      0.8373139123915605,
      0.732228153975836,
      0.6157360006300701,
      0.5464839927303229,
      0.5273880194279547,
      0.5292445166531276
    ],
    "fes": [
      0.9199345335515838,
      0.9115002727768972,
      0.8935037157875514,
      0.8509850107066398,
      0.7406449351559721,
      0.514491331370637,
      0.258974358974358,
      0.1492154312960558,
      0.12693390804597626,
      0.13487710219922472
    ]
  },
  "ndc-substances": {
    "num-swaps": [
      10,
      25,
      65,
      168,
      430,
      1103,
      2827,
      7243,
      18556,
      47539
    ],
    "sf": [
      0.019315673289183224,
      0.019315673289183224,
      0.018211920529801324,
      0.013520971302428256,
      0.009657836644591612,
      0.0027593818984547464,
      0.0,
      0.0,
      0.0,
      0.0
    ],
    "es": [
      0.005273608661408588,
      0.00526549549818964,
      0.005252023089457839,
      0.005234691225891131,
      0.005174219023798795,
      0.0049973510045159064,
      0.004760355074023822,
      0.004539486562489556,
      0.004441247360849013,
      0.004424671686382547
    ],
    "fes": [
      0.0700004502534732,
      0.06996248971999788,
      0.06702173955125817,
      0.06503162293967095,
      0.055558582340249414,
      0.0373328716788586,
      0.016797177256499703,
      0.00654900702819897,
      0.008172103404121178,
      0.009215746539068028
    ]
  },
  "tags-ask-ubuntu": {
    "num-swaps": [
      10,
      37,
      140,
      525,
      1967,
      7370,
      27606,
      103400,
      387278,
      1450530
    ],
    "sf": [
      0.1513578240602147,
      0.15134927083778812,
      0.1506479065988111,
      0.14606337937818073,
      0.13814309541119618,
      0.11073857075653253,
      0.06456827609801993,
      0.040627806526108715,
      0.04788949236624898,
      0.051541718342385495
    ],
    "es": [
      0.2486918445163768,
      0.2486620015291411,
      0.2485167259176768,
      0.24795384615384616,
      0.24606899967937898,
      0.23937876677514539,
      0.22071833544841188,
      0.1899034464700684,
      0.1703277670203884,
      0.1685261671982015
    ],
    "fes": [
      0.4575823700823959,
      0.45754091396902674,
      0.4568359372088732,
      0.4533850232978587,
      0.4444367974304541,
      0.4126181592717865,
      0.333120064901915,
      0.24140223065075372,
      0.23041213052038867,
      0.2322091713985058
    ]
  }
}