{
  "email-enron": {
    "num-swaps": [
      10,
      22,
      50,
      112,
      253,
      568,
      1276,
      2863,
      6426,
      14419
    ],
    "sf": [
      0.2938388625592417,
      0.29067930489731436,
      0.21484992101105846,
      0.16587677725118483,
      0.11532385466034756,
      0.0315955766192733,
      0.00315955766192733,
      0.007898894154818325,
      0.007898894154818325,
      0.00315955766192733
    ],
    "es": [
      0.042850896370791425,
      0.0423878871101796,
      0.04154430198409853,
      0.0399379604497867,
      0.03590483540820777,
      0.03166143206116556,
      0.02472104924634355,
      0.02205086222832542,
      0.020863965928104244,
      0.020901338596624464
    ],
    "fes": [
      0.4869795192193366,
      0.4783450120380002,
      0.4334695393713991,
      0.38786642201367305,
      0.32457282998272186,
      0.19284284762057424,
      0.12348178884617245,
      0.11675924630450052,
      0.1166422970440415,
      0.11263391473665396
    ]
  },
  "contact-high-school": {
    "num-swaps": [
      10,
      27,
      73,
      198,
      537,
      1454,
      3939,
      10665,
      28875,
      78180
    ],
    "sf": [
      0.7982758620689655,
      0.7926724137931035,
      0.7379310344827587,
      0.6689655172413793,
      0.4517241379310345,
      0.21293103448275863,
      0.020689655172413793,
      0.003017241379310345,
      0.003017241379310345,
      0.0017241379310344827
    ],
    "es": [
      0.9052297460701331,
      0.9011137868753762,
      0.8913919140683276,
      0.8617651307236747,
      0.7899543378995434,
      0.6749854227405248,
      0.5356460244648318,
      0.45496650401124805,
      0.44090763309813985,
      0.4413156839149619
    ],
    "fes": [
      0.9197813012575178,
      0.915099217185509,
      0.8956086091517446,
      0.8522678185745138,
      0.7363739669421527,
      0.5368702791461337,
      0.26541045338150926,
      0.1481743634009649,
      0.13500646830532437,
      0.13382247158684057
    ]
  },
  "ndc-substances": {
    "num-swaps": [
      10,
      25,
      65,
      165,
      422,
      1078,
      2749,
      7011,
      17878,
      45590
    ],
    "sf": [
      0.02052291256676975,
      0.02052291256676975,
      0.019117233623840314,
      0.015743604160809672,
      0.007028394714647174,
      0.0033736294630306437,
      0.000281135788585887,
      0.0,
      0.0,
      0.0
    ],
    "es": [
      0.0018423670732157227,
      0.0018330486510971244,
      0.001812406473039152,
      0.0017721121319991262,
      0.00167403284771106,
      0.0014402455665963876,
      0.001186509876661468,
      0.0009877425758366698,
      0.0009572788455480818,
      0.0009632167500297495
    ],
    "fes": [
      0.07016326043329613,
      0.06963769690600075,
      0.0679336275431397,
      0.06476201378706925,
      0.055623921233879825,
      0.04033488965442278,
      0.01941824759678501,
      0.010015979165930222,
      0.007797510244952899,
      0.007267645053525951
    ]
  },
  "tags-ask-ubuntu": {
    "num-swaps": [
      10,
      37,
      140,
      525,
      1967,
      7370,
      27606,
      103400,
      387278,
      1450530
    ],
    "sf": [
      0.15134071761536158,
      0.15105846127528547,
      0.15076765171278278,
      0.14720095796091176,
      0.13680023949022793,
      0.10920754394218021,
      0.06375571996749775,
      0.04085874353162554,
      0.047718427917718,
      0.05110550399863149
    ],
    "es": [
      0.11259864683975729,
      0.11256182518681679,
      0.11241855194463557,
      0.11196404487122535,
      0.10994232304297469,
      0.10357657575303758,
      0.08606231210420046,
      0.0581601447066975,
      0.046365980737855916,
      0.0459599209664161
    ],
    "fes": [
      0.45760367873655616,
      0.4573086654369639,
      0.4569307321579483,
      0.4537258228327089,
      0.4443668005950496,
      0.4123838676527226,
      0.3333457132734391,
      0.2426971838465556,
      0.22998259466031679,
      0.23324842991972872
    ]
  }
}