{
  "contact-primary-school": {
    "es": 0.8811035918792296,
    "fes": 0.9372632240822959,
    "sf": 0.8470540758676351
  },
  "contact-high-school": {
    "es": 0.9068746214415506,
    "fes": 0.9230435574995609,
    "sf": 0.8064655172413793
  },
  "hospital-lyon": {
    "es": 0.9351230425055929,
    "fes": 0.9718947368421075,
    "sf": 0.9121338912133892
  },
  "email-enron": {
    "es": 0.043231776452946125,
    "fes": 0.49822878699508,
    "sf": 0.3127962085308057
  },
  "email-eu": {
    "es": 0.04001676445934619,
    "fes": 0.5217400302065587,
    "sf": 0.3170553935860058
  },
  "ndc-substances": {
    "es": 0.0018461291039516992,
    "fes": 0.07028592483283039,
    "sf": 0.02052291256676975
  },
  "diseasome": {
    "es": 0.022928994082840236,
    "fes": 0.04065214786039886,
    "sf": 0.0
  },
  "disgenenet": {
    "es": 0.0009638126398955025,
    "fes": 0.00820667884825538,
    "sf": 0.0
  },
  "congress-bills": {
    "es": 0.002413013661041396,
    "fes": 0.10059626292667334,
    "sf": 0.02909811429970835
  },
  "tags-ask-ubuntu": {
    "es": 0.11261561393098504,
    "fes": 0.45768523280329415,
    "sf": 0.15149467561903948
  }
}