{
  "contact-primary-school": {
    "sf": 0.15315018199097935,
    "es": 0.17281886435380475,
    "fes": 0.1444169663363616
  },
  "contact-high-school": {
    "sf": 0.2188437145146674,
    "es": 0.36939456266843834,
    "fes": 0.24450744143393646
  },
  "hospital-lyon": {
    "sf": -0.023059134045750895,
    "es": -0.00966150249636985,
    "fes": -0.011268233164750195
  },
  "email-enron": {
    "sf": 0.2937630328359225,
    "es": 0.28782745071295157,
    "fes": 0.24027224883005704
  },
  "email-eu": {
    "sf": 0.19456098169279148,
    "es": 0.16309014701085017,
    "fes": 0.15821491603201235
  },
  "ndc-substances": {
    "sf": 0.558558520432066,
    "es": 0.5442421964685049,
    "fes": 0.6945237020099871
  },
  "diseasome": {
    "sf": NaN,
    "es": 0.28403564055609914,
    "fes": 0.6752106539870169
  },
  "disgenenet": {
    "sf": NaN,
    "es": 0.28461644401597613,
    "fes": 0.7817258883248732
  },
  "congress-bills": {
    "sf": 0.775717382167523,
    "es": 0.3259747684410255,
    "fes": 0.7499737912547589
  },
  "tags-ask-ubuntu": {
    "sf": -0.030253949698663112,
    "es": -0.24169154469962634,
    "fes": 0.04290567025731013
  }
}