{
  "contact-primary-school": {
    "es": 0.9175213057922866,
    "fes": 0.9372632240822998,
    "sf": 0.8470540758676351
  },
  "contact-high-school": {
    "es": 0.9270722162931341,
    "fes": 0.9230435574995609,
    "sf": 0.8064655172413793
  },
  "hospital-lyon": {
    "es": 0.9544740973312402,
    "fes": 0.9718947368421075,
    "sf": 0.9121338912133892
  },
  "email-enron": {
    "es": 0.052244483895511035,
    "fes": 0.49822878699507983,
    "sf": 0.3127962085308057
  },
  "email-eu": {
    "es": 0.04924735333611438,
    "fes": 0.521740030206559,
    "sf": 0.3170553935860058
  },
  "ndc-substances": {
    "es": 0.005277033139634914,
    "fes": 0.07047994455353072,
    "sf": 0.020143487858719646
  },
  "diseasome": {
    "es": 0.04538228067639832,
    "fes": 0.04065214786039886,
    "sf": 0.0
  },
  "disgenenet": {
    "es": 0.004779934338796714,
    "fes": 0.007864665990617565,
    "sf": 0.0
  },
  "congress-bills": {
    "es": 0.005814213391956787,
    "fes": 0.10059626292667334,
    "sf": 0.02909811429970835
  },
  "tags-ask-ubuntu": {
    "es": 0.24870932730705064,
    "fes": 0.45768523280329415,
    "sf": 0.15149467561903948
  }
}