{
  "contact-primary-school": {
    "sf": [
      0.15315018199097935
    ],
    "es": [
      0.15412048075467288
    ],
    "fes": [
      0.1444169663363625
    ]
  },
  "contact-high-school": {
    "sf": [
      0.2188437145146674
    ],
    "es": [
      0.3417641922613738
    ],
    "fes": [
      0.24450744143393663
    ]
  },
  "hospital-lyon": {
    "sf": [
      -0.023059134045750895
    ],
    "es": [
      -0.015659496331685733
    ],
    "fes": [
      -0.011268233164750082
    ]
  },
  "email-enron": {
    "sf": [
      0.2937630328359225
    ],
    "es": [
      0.2855927428353681
    ],
    "fes": [
      0.24027224883005704
    ]
  },
  "email-eu": {
    "sf": [
      0.19456098169279148
    ],
    "es": [
      0.15677631264150282
    ],
    "fes": [
      0.1582149160320125
    ]
  },
  "ndc-substances": {
    "sf": [
      0.5705945872846372
    ],
    "es": [
      0.6531808504197081
    ],
    "fes": [
      0.7221531698075448
    ]
  },
  "diseasome": {
    "sf": [
      NaN
    ],
    "es": [
      0.4627103675805388
    ],
    "fes": [
      0.7520629126720291
    ]
  },
  "disgenenet": {
    "sf": [
      NaN
    ],
    "es": [
      0.5548737446667837
    ],
    "fes": [
      0.8949664334475825
    ]
  },
  "congress-bills": {
    "sf": [
      0.775717382167523
    ],
    "es": [
      0.4801728519804617
    ],
    "fes": [
      0.7499737912547585
    ]
  },
  "tags-ask-ubuntu": {
    "sf": [
      -0.030253949698663112
    ],
    "es": [
      -0.0818609723204826
    ],
    "fes": [
      0.042905670257304636
    ]
  }
}